"Species","Group","Median_S","LCI_S","UCI_S","Median_W","LCI_W","UCI_W","Median_diff","LCI_diff","UCI_diff","elev_roundS","elev_roundW","maxTemp_June_mean","minTemp_June_mean","maxTemp_June_ci","minTemp_June_ci","tempRange_June","maxTemp_Jan_mean","minTemp_Jan_mean","maxTemp_Jan_ci","minTemp_Jan_ci","tempRange_Jan","ThermalRegime","Species3","Tree.name","HWI","Diet"
"Kalij Pheasant",2,2063,1954.9375,2119.175,1844.5,1733.5,1916.6,191.25,69.1625,306.5,2100,1800,20.6456838785968,15.9391013007489,0.0187414067757071,0.0197877334372534,4.70658257784785,11.8308995426055,1.8936981196002,0.032187579097839,0.0276089536584374,9.93720142300525,18.7519857589966,"Lophura leucomelanos","Lophura_leucomelanos",17.7587268,"omnivore"
"Red-wattled Lapwing",0,199,199,208,241,208,250,-38.5,-51,0,200,200,30.328356296059,25.7071718466304,0.00811646409562864,0.00461486597158153,4.6211844494286,21.9024564776247,11.1792748050838,0.0125342086895257,0.00661594515077385,10.7231816725409,19.1490814909752,"Vanellus indicus","Vanellus_indicus",43.2386972,"invertebrates"
"White-throated Kingfisher",0,199,195.5,208,145,128.5,213.5,54,-14.5625,72.0125,200,100,30.328356296059,25.7071718466304,0.00811646409562864,0.00461486597158153,4.6211844494286,22.17997075424,12.0471307722794,0.0042423324397093,0.00270695153573242,10.1328399819606,18.2812255237796,"Halcyon smyrnensis","Halcyon_smyrnensis",20.24597458,"vertebrates"
"Bay Woodpecker",0,1650,1425,1736.6375,1386.5,1248,1568,223.25,-6.40000000000001,362,1600,1400,23.0817277321541,18.4424194567277,0.0126500249354417,0.0136981467018319,4.63930827542641,14.2408968206359,4.20592381523695,0.0316307904148849,0.0243574478237473,10.0349730053989,18.8758039169171,"Blythipicus pyrrhotis","Blythipicus_pyrrhotis",12.33568599,"invertebrates"
"Greater Yellownape",0,1195.5,1067,1327.2,966,922,1074,217,0,380.625,1200,1000,25.0893087161872,20.4820666952913,0.0109226545265803,0.0111869571864997,4.60724202089595,16.7923076923077,6.57710390874948,0.0303632115184635,0.0203554033508397,10.2152037835582,18.5122048074377,"Picus flavinucha","Picus_flavinucha",23.75209001,"invertebrates"
"Lesser Yellownape",0,886,632,934.5,902,833,962.375,-25,-292,57.7499999999999,900,900,26.6295564460412,22.0305375155451,0.0103382610574248,0.00934240205925809,4.59901893049606,17.4571645709548,7.18316982174934,0.029506931452875,0.0189098326342412,10.2739947492055,19.4463866242919,"Picus chlorolophus","Picus_chlorolophus",23.79629568,"invertebrates"
"Golden-throated Barbet",2,1595,1555,1665,1416.5,1359,1518,193,58.4,303,1600,1400,23.0817277321541,18.4424194567277,0.0126500249354417,0.0136981467018319,4.63930827542641,14.2408968206359,4.20592381523695,0.0316307904148849,0.0243574478237473,10.0349730053989,18.8758039169171,"Megalaima franklinii","Megalaima_franklinii",16.72903508,"fruit"
"Blue-throated Barbet",1,515,513,534,618,545,676,-103,-155.05,-30,500,600,28.7198271413829,24.1112100103199,0.0106961153210823,0.00784150230567837,4.60861713106295,19.355230233458,8.94249967754418,0.0262411777147674,0.0161045563463586,10.4127305559138,19.7773274638387,"Megalaima asiatica","Megalaima_asiatica",17.49884742,"fruit"
"Great Barbet",2,1556,1501,1594,1309,1259,1359,248,175.4875,306.025,1600,1300,23.0817277321541,18.4424194567277,0.0126500249354417,0.0136981467018319,4.63930827542641,14.8761166818596,4.77329079307201,0.0316789893227845,0.0229754654456803,10.1028258887876,18.3084369390821,"Megalaima virens","Megalaima_virens",21.67202429,"fruit"
"Scarlet Minivet",2,1042.5,983.5,1115,726.5,618,833,316,168,450.5,1000,700,26.1136041174016,21.5037835582139,0.0106850279975913,0.0102623128450242,4.60982055918765,18.7009572603478,8.35736820817042,0.0281479028228348,0.0178678292947903,10.3435890521774,17.7562359092312,"Pericrocotus flammeus","Pericrocotus_flammeus",27.33760301,"invertebrates"
"Long-tailed Minivet",2,1927,1851.6,2139.2,822.5,695,888.2,1132.5,991.5,1280.2,1900,800,21.6026548672566,16.9230991511649,0.015506231039612,0.0168097247168437,4.67955571609174,18.0632563857397,7.76568774757547,0.0294916863383853,0.0190259805698742,10.2975686381642,13.8369671196811,"Pericrocotus ethologus","Pericrocotus_ethologus",31.24588004,"invertebrates"
"Common Iora",1,219,219,219,266,266,266,-47,-47,-47,200,300,30.328356296059,25.7071718466304,0.00811646409562864,0.00461486597158153,4.6211844494286,21.3894706224549,10.6652621956287,0.0163697346722889,0.0093670192425808,10.7242084268262,19.6630941004303,"Aegithina tiphia","Aegithina_tiphia",9.442634919,"invertebrates"
"Black-hooded Oriole",0,137,120.4875,142,145.5,140,167,-14,-41.05,0,100,100,31.0453254615774,26.3031200032799,0.00246270069158673,0.00168917054461957,4.74220545829746,22.17997075424,12.0471307722794,0.0042423324397093,0.00270695153573242,10.1328399819606,18.998194689298,"Oriolus xanthornus","Oriolus_xanthornus",26.9861565,"fruit"
"Maroon Oriole",2,1571.5,1383,1739,489,408.4875,517,1077,894,1250,1600,500,23.0817277321541,18.4424194567277,0.0126500249354417,0.0136981467018319,4.63930827542641,20.021826625387,9.52920536635707,0.0247815183021447,0.0153867428921848,10.4926212590299,13.552522365797,"Oriolus traillii","Oriolus_traillii",26.13313045,"omnivore"
"Red-billed Chough",2,3057,2962,3173,2739,2677,2848,299,121,439.075,3100,2700,16.1941407207649,11.2342240745281,0.0239489141417652,0.0245600597273116,4.95991664623682,6.67703326050012,-3.29684389414907,0.033436557440477,0.0370760377524317,9.97387715464919,19.490984614914,"Pyrrhocorax pyrrhocorax","Pyrrhocorax_pyrrhocorax",38.08226878,"invertebrates"
"Gray Treepie",1,1196,1154.9625,1258,1409,1402,1474,-221,-290,-153.9875,1200,1400,25.0893087161872,20.4820666952913,0.0109226545265803,0.0111869571864997,4.60724202089595,14.2408968206359,4.20592381523695,0.0316307904148849,0.0243574478237473,10.0349730053989,20.8833849009503,"Dendrocitta formosae","Dendrocitta_formosae",15.79692104,"omnivore"
"Rufous Treepie",0,155.25,137,175.125,185,141.15,210.3375,-26.75,-50.975,23.925,200,200,30.328356296059,25.7071718466304,0.00811646409562864,0.00461486597158153,4.6211844494286,21.9024564776247,11.1792748050838,0.0125342086895257,0.00661594515077385,10.7231816725409,19.1490814909752,"Dendrocitta vagabunda","Dendrocitta_vagabunda",14.95803233,"omnivore"
"Yellow-billed Blue-Magpie",0,2558,2557,2571,2558,2558,2598,0,-40,8,2600,2600,18.3618716701413,13.5391938846421,0.0239564046848664,0.0254194662071351,4.82267778549919,7.20138985406532,-2.73446838082001,0.0343872251143592,0.0376227804248053,9.93585823488534,21.0963400509613,"Urocissa flavirostris","Urocissa_flavirostris",12.78680638,"invertebrates"
"Common Green-Magpie",0,990,954,1034,973,902,1070.5,22,-101,95,1000,1000,26.1136041174016,21.5037835582139,0.0106850279975913,0.0102623128450242,4.60982055918765,16.7923076923077,6.57710390874948,0.0303632115184635,0.0203554033508397,10.2152037835582,19.5365002086521,"Cissa chinensis","Cissa_chinensis",7.750215296,"omnivore"
"House Crow",0,1126,1024,1258,1085,525.5,1315.1,28,-263.075,573.175,1100,1100,25.5989433519225,20.992750220135,0.0107942732548264,0.0107331158590115,4.6061931317875,16.1586439683006,5.98620487232169,0.0312989100241542,0.0214319658357402,10.1724390959789,19.6127384796008,"Corvus splendens","Corvus_splendens",36.62683518,"omnivore"
"Large-billed Crow",0,2019,1927.5,2089,1961,1922,2074,47.5,-95,134.0125,2000,2000,21.1280714546117,16.4377506379876,0.0176439072804063,0.0186697283921411,4.69032081662413,10.6041560335399,0.688899015676267,0.0348077238604157,0.0315468037560053,9.91525701786365,20.4391724389354,"Corvus macrorhynchos","Corvus_macrorhynchos",38.03851875,"omnivore"
"Eurasian Nutcracker",2,2881,2847.5,2902,2819,2805,2858,66,19.5,91.5375,2900,2800,17.0326097328244,12.1303196564885,0.0241616794089734,0.02497522694494,4.90229007633588,6.18354613346182,-3.79865092748735,0.033579268435784,0.0370745515516032,9.98219706094917,20.8312606603118,"Nucifraga caryocatactes","Nucifraga_caryocatactes",22.95651226,"seeds"
"Long-tailed Shrike",2,1790.5,1653.5,1867,1069,948,1197.025,723,543.9625,879.5,1800,1100,22.1007962053193,17.4410299847535,0.0133087444797409,0.0148518874749508,4.65976622056581,16.1586439683006,5.98620487232169,0.0312989100241542,0.0214319658357402,10.1724390959789,16.1145913329976,"Lanius schach","Lanius_schach",19.99957577,"invertebrates"
"Gray-backed Shrike",2,2534,2517,2538,1061.5,892,1115,1471,1415,1640,2500,1100,18.8248406139315,14.0319952774498,0.0235828083203425,0.0252483406293864,4.7928453364817,16.1586439683006,5.98620487232169,0.0312989100241542,0.0214319658357402,10.1724390959789,12.8386357416098,"Lanius tephronotus","Lanius_tephronotus",20.3383384,"invertebrates"
"White-throated Fantail",2,1665,1536,1739,669,606,804.724999999999,988,819,1107.05,1700,700,22.5833305716653,17.9345153272577,0.0142818994319414,0.0152787470232498,4.64881524440762,18.7009572603478,8.35736820817042,0.0281479028228348,0.0178678292947903,10.3435890521774,14.2259623634949,"Rhipidura albicollis","Rhipidura_albicollis",17.32114512,"invertebrates"
"Hair-crested Drongo",2,728,647,905.5,447,368.9875,515,284,180.925,487.5375,700,400,27.6658622084401,23.0582445732776,0.0107060522113908,0.00900080845254511,4.60761763516247,20.6929487179487,10.1024228596262,0.0211605715296966,0.0130168304861054,10.5905258583225,17.5634393488139,"Dicrurus hottentottus","Dicrurus_hottentottus",24.4694317,"invertebrates"
"Ashy Drongo",2,1609.5,1563.4625,1673,846,813,898,765,703.425,850.5,1600,800,23.0817277321541,18.4424194567277,0.0126500249354417,0.0136981467018319,4.63930827542641,18.0632563857397,7.76568774757547,0.0294916863383853,0.0190259805698742,10.2975686381642,15.3160399845786,"Dicrurus leucophaeus","Dicrurus_leucophaeus",30.10929264,"invertebrates"
"Black Drongo",0,163.5,139,199.5,150,135.5,208,6,-50.5,57,200,200,30.328356296059,25.7071718466304,0.00811646409562864,0.00461486597158153,4.6211844494286,21.9024564776247,11.1792748050838,0.0125342086895257,0.00661594515077385,10.7231816725409,19.1490814909752,"Dicrurus macrocercus","Dicrurus_macrocercus",27.11140206,"invertebrates"
"Bronzed Drongo",2,911,679,954,658,595,766,249,31.875,329,900,700,26.6295564460412,22.0305375155451,0.0103382610574248,0.00934240205925809,4.59901893049606,18.7009572603478,8.35736820817042,0.0281479028228348,0.0178678292947903,10.3435890521774,18.2721882378708,"Dicrurus aeneus","Dicrurus_aeneus",27.86537116,"invertebrates"
"Green-backed Tit",0,2015,1974,2074,1990,1961,2068.5,20.75,-63,106,2000,2000,21.1280714546117,16.4377506379876,0.0176439072804063,0.0186697283921411,4.69032081662413,10.6041560335399,0.688899015676267,0.0348077238604157,0.0315468037560053,9.91525701786365,20.4391724389354,"Parus monticolus","Parus_monticolus",15.66479173,"invertebrates"
"Gray-headed Canary-Flycatcher",2,1739,1739,1739,614,540,713.5,1125,1025.5,1199,1700,600,22.5833305716653,17.9345153272577,0.0142818994319414,0.0152787470232498,4.64881524440762,19.355230233458,8.94249967754418,0.0262411777147674,0.0161045563463586,10.4127305559138,13.6408308941211,"Culicicapa ceylonensis","Culicicapa_ceylonensis",19.98883172,"invertebrates"
"Black-throated Tit",0,1843,1790.975,1927,1927.25,1847.375,1960,-69.5,-149.1125,34,1800,1900,22.1007962053193,17.4410299847535,0.0133087444797409,0.0148518874749508,4.65976622056581,11.2113057612425,1.27545602311721,0.0343526046599801,0.0304217196143785,9.93584973812534,20.8253401822021,"Aegithalos concinnus","Aegithalos_concinnus",17.63180272,"invertebrates"
"Chestnut-headed Tesia",2,2431.5,2421,2464,1507,1449.5,1607,924,824,991.5625,2400,1500,19.2857944344704,14.5157091561939,0.0189220981927332,0.0197535127200004,4.77008527827648,13.6398242585909,3.61715047858152,0.0323460725620555,0.0253785621727127,10.0226737800094,15.6686439558889,"Tesia castaneocoronata","Tesia_castaneocoronata",13.81636995,"invertebrates"
"Lemon-rumped Warbler",2,2538,2500.3625,2554,1718,1558.35,1813.7875,820,702.4375,979.1375,2500,1700,18.8248406139315,14.0319952774498,0.0235828083203425,0.0252483406293864,4.7928453364817,12.4347307373654,2.44971002485501,0.0331634284654694,0.0277865521929798,9.98502071251036,16.3751305890765,"Phylloscopus chloronotus","Phylloscopus_chloronotus",16.95657218,"invertebrates"
"Ashy-throated Warbler",2,2557.5,2542,2627,1948,1883.5,2053.5,612,505.975,701.0375,2600,1900,18.3618716701413,13.5391938846421,0.0239564046848664,0.0254194662071351,4.82267778549919,11.2113057612425,1.27545602311721,0.0343526046599801,0.0304217196143785,9.93584973812534,17.0864156470241,"Phylloscopus maculipennis","Phylloscopus_maculipennis",16.98375989,"invertebrates"
"Gray-hooded Warbler",2,1561,1473,1639.125,1463,1430,1502.6125,102.75,3,180.5125,1600,1500,23.0817277321541,18.4424194567277,0.0126500249354417,0.0136981467018319,4.63930827542641,13.6398242585909,3.61715047858152,0.0323460725620555,0.0253785621727127,10.0226737800094,19.4645772535726,"Phylloscopus xanthoschistos","Phylloscopus_xanthoschistos",16.03329717,"invertebrates"
"Whistler's Warbler",2,2488,2443,2561.5,1067,948,1298,1429,1165.2375,1552,2500,1100,18.8248406139315,14.0319952774498,0.0235828083203425,0.0252483406293864,4.7928453364817,16.1586439683006,5.98620487232169,0.0312989100241542,0.0214319658357402,10.1724390959789,12.8386357416098,"Seicercus whistleri","Seicercus_whistleri",14.76874658,"invertebrates"
"Rufous-winged Fulvetta",2,2145,2081,2303,1827.5,1753.5,1851.6875,319,237.9375,507.5,2100,1800,20.6456838785968,15.9391013007489,0.0187414067757071,0.0197877334372534,4.70658257784785,11.8308995426055,1.8936981196002,0.032187579097839,0.0276089536584374,9.93720142300525,18.7519857589966,"Alcippe castaneceps","Alcippe_castaneceps",14.43226218,"invertebrates"
"Nepal Fulvetta",0,971.5,960,997.5875,937,857.5,1069,26,-107,123.5875,1000,900,26.1136041174016,21.5037835582139,0.0106850279975913,0.0102623128450242,4.60982055918765,17.4571645709548,7.18316982174934,0.029506931452875,0.0189098326342412,10.2739947492055,18.9304342956523,"Alcippe nipalensis","Alcippe_nipalensis",9.230127309,"invertebrates"
"Indian White-eye",0,1037,989,1140,1074,1067,1115,-37,-100.5,66,1000,1100,26.1136041174016,21.5037835582139,0.0106850279975913,0.0102623128450242,4.60982055918765,16.1586439683006,5.98620487232169,0.0312989100241542,0.0214319658357402,10.1724390959789,20.1273992450799,"Zosterops palpebrosus","Zosterops_palpebrosus",21.11433824,"omnivore"
"Rufous-vented Yuhina",2,2902,2856.85,3006,1739,1739,1935,1152,956.5,1267,2900,1700,17.0326097328244,12.1303196564885,0.0241616794089734,0.02497522694494,4.90229007633588,12.4347307373654,2.44971002485501,0.0331634284654694,0.0277865521929798,9.98502071251036,14.5828997079694,"Yuhina occipitalis","Yuhina_occipitalis",15.62917307,"invertebrates"
"Stripe-throated Yuhina",2,2501,2488,2627.225,1739,1739,1867,761,633.9875,879,2500,1700,18.8248406139315,14.0319952774498,0.0235828083203425,0.0252483406293864,4.7928453364817,12.4347307373654,2.44971002485501,0.0331634284654694,0.0277865521929798,9.98502071251036,16.3751305890765,"Yuhina gularis","Yuhina_gularis",18.54342757,"invertebrates"
"Whiskered Yuhina",2,2019.25,1979,2068.5,1540,1501,1595.1125,479.5,409,544.025,2000,1500,21.1280714546117,16.4377506379876,0.0176439072804063,0.0186697283921411,4.69032081662413,13.6398242585909,3.61715047858152,0.0323460725620555,0.0253785621727127,10.0226737800094,17.5109209760302,"Yuhina flavicollis","Yuhina_flavicollis",16.47946843,"invertebrates"
"Black-chinned Yuhina",2,1240.5,1240.5,1240.5,1123.5,1123.5,1123.5,117,117,117,1200,1100,25.0893087161872,20.4820666952913,0.0109226545265803,0.0111869571864997,4.60724202089595,16.1586439683006,5.98620487232169,0.0312989100241542,0.0214319658357402,10.1724390959789,19.1031038438655,"Yuhina nigrimenta","Yuhina_nigrimenta",16.98040561,"omnivore"
"Chestnut-crowned Laughingthrush",2,2463,2438,2526,2387,2345,2434.5,77.5,27.975,140.025,2500,2400,18.8248406139315,14.0319952774498,0.0235828083203425,0.0252483406293864,4.7928453364817,8.31696588868941,-1.58765709156194,0.0310316457269272,0.0319761757112239,9.90462298025135,20.4124977054934,"Garrulax erythrocephalus","Garrulax_erythrocephalus",3.950341178,"invertebrates"
"Striated Laughingthrush",0,1903,1809.9625,1953,1761,1739,1846,104,-16.05,202.05,1900,1800,21.6026548672566,16.9230991511649,0.015506231039612,0.0168097247168437,4.67955571609174,11.8308995426055,1.8936981196002,0.032187579097839,0.0276089536584374,9.93720142300525,19.7089567476564,"Garrulax striatus","Garrulax_striatus",9.883632758,"invertebrates"
"Black-faced Laughingthrush",2,3326,3233.5,3361,2848.5,2739,2881.0125,493,374,587,3300,2800,15.3442415388361,10.3119065010957,0.0267943959260084,0.0258826124198957,5.03233503774044,6.18354613346182,-3.79865092748735,0.033579268435784,0.0370745515516032,9.98219706094917,19.1428924663234,"Garrulax affinis","Garrulax_affinis",6.885889356,"invertebrates"
"Jungle Babbler",1,137,128,139,250,249.9125,258,-113,-122.0125,-110.9875,100,200,31.0453254615774,26.3031200032799,0.00246270069158673,0.00168917054461957,4.74220545829746,21.9024564776247,11.1792748050838,0.0125342086895257,0.00661594515077385,10.7231816725409,19.8660506564936,"Turdoides striata","Turdoides_striata",9.46000401,"omnivore"
"White-crested Laughingthrush",0,991.5,954,999,948,948,1018,26,-41.025,51,1000,900,26.1136041174016,21.5037835582139,0.0106850279975913,0.0102623128450242,4.60982055918765,17.4571645709548,7.18316982174934,0.029506931452875,0.0189098326342412,10.2739947492055,18.9304342956523,"Garrulax leucolophus","Garrulax_leucolophus",5.692448289,"invertebrates"
"Spotted Laughingthrush",1,2698,2613.5,2720,2826,2739,2882.5625,-128,-235.125,-28.5,2700,2800,17.9305899490168,13.0649429473173,0.0234566611663281,0.0250546434611816,4.86564700169944,6.18354613346182,-3.79865092748735,0.033579268435784,0.0370745515516032,9.98219706094917,21.7292408765042,"Garrulax ocellatus","Garrulax_ocellatus",9.56223762,"omnivore"
"White-throated Laughingthrush",2,2558,2558,2571,2320,2142,2388.0375,238,170,414.05,2600,2300,18.3618716701413,13.5391938846421,0.0239564046848664,0.0254194662071351,4.82267778549919,8.8681379007466,-1.03197189284146,0.0325736632643228,0.0330668609518136,9.90010979358805,19.3938435629828,"Garrulax albogularis","Garrulax_albogularis",7.277778343,"invertebrates"
"Red-tailed Minla",2,2327.5,2251,2390,1497,1466,1637.5,824,682.375,907.0125,2300,1500,19.7516029863856,14.9916117698726,0.018864697759563,0.0201789595963393,4.75999121651296,13.6398242585909,3.61715047858152,0.0323460725620555,0.0253785621727127,10.0226737800094,16.1344525078041,"Minla ignotincta","Minla_ignotincta",15.57967108,"invertebrates"
"Chestnut-tailed Minla",2,2500,2438,2605,2251,2197.5,2368,241.5,93.9875,361.5125,2500,2300,18.8248406139315,14.0319952774498,0.0235828083203425,0.0252483406293864,4.7928453364817,8.8681379007466,-1.03197189284146,0.0325736632643228,0.0330668609518136,9.90010979358805,19.856812506773,"Minla strigula","Minla_strigula",14.13029854,"invertebrates"
"Blue-winged Minla",2,1934,1844,1973,1377,1265,1402,552,465,681,1900,1400,21.6026548672566,16.9230991511649,0.015506231039612,0.0168097247168437,4.67955571609174,14.2408968206359,4.20592381523695,0.0316307904148849,0.0243574478237473,10.0349730053989,17.3967310520196,"Minla cyanouroptera","Minla_cyanouroptera",9.945848157,"omnivore"
"Rusty-fronted Barwing",2,1739,1739,1823,1606,1494,1726.5,138.5,25,274.25,1700,1600,22.5833305716653,17.9345153272577,0.0142818994319414,0.0152787470232498,4.64881524440762,13.026958307012,3.04011370814908,0.0320412434337288,0.0257665590682289,9.98684459886292,19.5432168635162,"Actinodura egertoni","Actinodura_egertoni",10.8499953,"invertebrates"
"Red-billed Leiothrix",2,2082,2040.4625,2138.5,1837,1802.5,1867,252,190.9625,321,2100,1800,20.6456838785968,15.9391013007489,0.0187414067757071,0.0197877334372534,4.70658257784785,11.8308995426055,1.8936981196002,0.032187579097839,0.0276089536584374,9.93720142300525,18.7519857589966,"Leiothrix lutea","Leiothrix_lutea",12.74622441,"invertebrates"
"Silver-eared Mesia",2,1222,1105.5,1268.25,622,584.5,729.875,578.5,430.0875,655.5,1200,600,25.0893087161872,20.4820666952913,0.0109226545265803,0.0111869571864997,4.60724202089595,19.355230233458,8.94249967754418,0.0262411777147674,0.0161045563463586,10.4127305559138,16.146809038643,"Leiothrix argentauris","Leiothrix_argentauris",13.5893452,"invertebrates"
"Rufous Sibia",2,2318,2258.9,2412,2141.5,2074,2208,179,79,287.0375,2300,2100,19.7516029863856,14.9916117698726,0.018864697759563,0.0201789595963393,4.75999121651296,10.049783208514,0.136066219944817,0.0346009355251575,0.0323445171930573,9.91371698856918,19.6155367664408,"Heterophasia capistrata","Heterophasia_capistrata",16.87569208,"omnivore"
"Beautiful Sibia",2,2089,2011,2089,1739,1739,1739,350,272,350,2100,1700,20.6456838785968,15.9391013007489,0.0187414067757071,0.0197877334372534,4.70658257784785,12.4347307373654,2.44971002485501,0.0331634284654694,0.0277865521929798,9.98502071251036,18.1959738537418,"Heterophasia pulchella","Heterophasia_pulchella",17.69217273,"invertebrates"
"Rufous-capped Babbler",0,1992.5,1952,2081.65,2028,1961,2055,-9.5,-94,77.975,2000,2000,21.1280714546117,16.4377506379876,0.0176439072804063,0.0186697283921411,4.69032081662413,10.6041560335399,0.688899015676267,0.0348077238604157,0.0315468037560053,9.91525701786365,20.4391724389354,"Stachyris ruficeps","Stachyris_ruficeps",9.846389316,"invertebrates"
"Rusty-cheeked Scimitar-Babbler",0,1371,1266,1458,1309,1270,1374.5,45,-59,130.65,1400,1300,24.0707108578284,19.451799640072,0.0119630728366704,0.0126488271355564,4.61891121775645,14.8761166818596,4.77329079307201,0.0316789893227845,0.0229754654456803,10.1028258887876,19.2974200647564,"Pomatorhinus erythrogenys","Pomatorhinus_erythrogenys",5.504791561,"invertebrates"
"Streak-breasted Scimitar-Babbler",0,2390,2317.65,2443,2368,2334,2413,22,-64.0375,89,2400,2400,19.2857944344704,14.5157091561939,0.0189220981927332,0.0197535127200004,4.77008527827648,8.31696588868941,-1.58765709156194,0.0310316457269272,0.0319761757112239,9.90462298025135,20.8734515260323,"Pomatorhinus ruficollis","Pomatorhinus_ruficollis",10.00654519,"invertebrates"
"Gray-throated Babbler",0,929.5,857.95,945,941,900.7,948,-18.5,-90.05,44.3,900,900,26.6295564460412,22.0305375155451,0.0103382610574248,0.00934240205925809,4.59901893049606,17.4571645709548,7.18316982174934,0.029506931452875,0.0189098326342412,10.2739947492055,19.4463866242919,"Stachyris nigriceps","Stachyris_nigriceps",9.579585304,"invertebrates"
"Common Tailorbird",1,513,470.5,515,721,618,775,-218.5,-286.5,-105,500,700,28.7198271413829,24.1112100103199,0.0106961153210823,0.00784150230567837,4.60861713106295,18.7009572603478,8.35736820817042,0.0281479028228348,0.0178678292947903,10.3435890521774,20.3624589332125,"Orthotomus sutorius","Orthotomus_sutorius",10.61962388,"invertebrates"
"Red-vented Bulbul",1,646,618,695,878,843,948,-226.75,-307,-170,600,900,28.1822649297046,23.5787050174126,0.0104819153002768,0.00816130871450377,4.60355991229202,17.4571645709548,7.18316982174934,0.029506931452875,0.0189098326342412,10.2739947492055,20.9990951079553,"Pycnonotus cafer","Pycnonotus_cafer",16.99361609,"omnivore"
"Himalayan Bulbul",2,1260,1156.5,1301,1067,955,1110,187.5,72,300.1125,1300,1100,24.5725767243999,19.9603312063203,0.0112184480742628,0.0117340827958435,4.61224551807961,16.1586439683006,5.98620487232169,0.0312989100241542,0.0214319658357402,10.1724390959789,18.5863718520782,"Pycnonotus leucogenys","Pycnonotus_leucogenys",14.63443237,"omnivore"
"Red-whiskered Bulbul",2,515,506.3625,515,258,250,312,257,199.975,265,500,300,28.7198271413829,24.1112100103199,0.0106961153210823,0.00784150230567837,4.60861713106295,21.3894706224549,10.6652621956287,0.0163697346722889,0.0093670192425808,10.7242084268262,18.0545649457542,"Pycnonotus jocosus","Pycnonotus_jocosus",14.25432338,"omnivore"
"Black-crested Bulbul",0,440,433,490.4375,389,317,464.6625,55.5,-18.0125,128.2375,400,400,29.2241525423729,24.631986093003,0.00987866219193129,0.00656715024153167,4.59216644936984,20.6929487179487,10.1024228596262,0.0211605715296966,0.0130168304861054,10.5905258583225,19.1217296827467,"Pycnonotus melanicterus","Pycnonotus_melanicterus",11.70930131,"fruit"
"White-throated Bulbul",2,540,518.5,557,489,489,515,51,24.7875,76.5,500,500,28.7198271413829,24.1112100103199,0.0106961153210823,0.00784150230567837,4.60861713106295,20.021826625387,9.52920536635707,0.0247815183021447,0.0153867428921848,10.4926212590299,19.1906217750258,"Alophoixus flaveolus","Alophoixus_flaveolus",16.53534699,"fruit"
"Mountain Bulbul",1,1480.5,1469.5,1555.2,1608,1511.5,1722,-120,-234,-0.80000000000004,1500,1600,23.5779067942884,18.9508394790523,0.0123556145661597,0.0130859389044514,4.62706731523615,13.026958307012,3.04011370814908,0.0320412434337288,0.0257665590682289,9.98684459886292,20.5377930861393,"Hypsipetes mcclellandii","Hypsipetes_mcclellandii",18.08391102,"omnivore"
"Black Bulbul",2,1556,1497.9625,1593.05,1215,1115,1270,344,265,452,1600,1200,23.0817277321541,18.4424194567277,0.0126500249354417,0.0136981467018319,4.63930827542641,15.5046371833405,5.37473880062974,0.0309450666103673,0.0219576847205654,10.1298983827107,17.7069889315244,"Hypsipetes leucocephalus","Hypsipetes_leucocephalus",24.70445229,"fruit"
"Oriental Magpie-Robin",1,429.5,355,513,767,695,815,-322.5,-411.025,-185,400,800,29.2241525423729,24.631986093003,0.00987866219193129,0.00656715024153167,4.59216644936984,18.0632563857397,7.76568774757547,0.0294916863383853,0.0190259805698742,10.2975686381642,21.4584647947974,"Copsychus saularis","Copsychus_saularis",18.59340096,"invertebrates"
"Large Niltava",2,1739,1718.5,1768,1482,1377,1539,257,200,362,1700,1500,22.5833305716653,17.9345153272577,0.0142818994319414,0.0152787470232498,4.64881524440762,13.6398242585909,3.61715047858152,0.0323460725620555,0.0253785621727127,10.0226737800094,18.9661800930838,"Niltava grandis","Niltava_grandis",19.75640767,"invertebrates"
"Small Niltava",2,1455.5,1289,1557.0625,775,601,833,683.75,498,897.5125,1500,800,23.5779067942884,18.9508394790523,0.0123556145661597,0.0130859389044514,4.62706731523615,18.0632563857397,7.76568774757547,0.0294916863383853,0.0190259805698742,10.2975686381642,15.8122190467129,"Niltava macgrigoriae","Niltava_macgrigoriae",16.34040579,"invertebrates"
"Rufous-bellied Niltava",2,2002,1973.575,2051.35,898,842.65,948,1092.5,1030.025,1161.975,2000,900,21.1280714546117,16.4377506379876,0.0176439072804063,0.0186697283921411,4.69032081662413,17.4571645709548,7.18316982174934,0.029506931452875,0.0189098326342412,10.2739947492055,13.9449016328624,"Niltava sundara","Niltava_sundara",18.11338347,"invertebrates"
"Gray Bushchat",2,2200,2074,2259,1507,1465,1624.5,662.5,510,754.5125,2200,1500,20.2012205213074,15.4710591642532,0.0184162197454443,0.0195920417841669,4.7301613570542,13.6398242585909,3.61715047858152,0.0323460725620555,0.0253785621727127,10.0226737800094,16.5840700427259,"Saxicola ferreus","Saxicola_ferreus",18.27315103,"invertebrates"
"White-capped Redstart",2,3097,2948,3383,1416,1270,1522.075,1728,1517.9125,2053.025,3100,1400,16.1941407207649,11.2342240745281,0.0239489141417652,0.0245600597273116,4.95991664623682,14.2408968206359,4.20592381523695,0.0316307904148849,0.0243574478237473,10.0349730053989,11.9882169055279,"Chaimarrornis leucocephalus","Chaimarrornis_leucocephalus",19.9228806,"invertebrates"
"Plumbeous Redstart",2,2235,2101.5,2265.5,1435.5,1284.5,1584,784.75,596.4125,951.025,2200,1400,20.2012205213074,15.4710591642532,0.0184162197454443,0.0195920417841669,4.7301613570542,14.2408968206359,4.20592381523695,0.0316307904148849,0.0243574478237473,10.0349730053989,15.9952967060704,"Rhyacornis fuliginosa","Rhyacornis_fuliginosa",25.41461187,"invertebrates"
"Blue-fronted Redstart",2,3799.5,3769,3887,2310.5,2259.3875,2325,1491,1457,1598.8375,3800,2300,13.97258382643,8.12207555757852,0.0351526962743663,0.0197729387963273,5.85050826885147,8.8681379007466,-1.03197189284146,0.0325736632643228,0.0330668609518136,9.90010979358805,15.0045557192715,"Phoenicurus frontalis","Phoenicurus_frontalis",23.22957052,"invertebrates"
"Blue Whistling-Thrush",2,2099,2062.875,2192.5125,1730,1673,1812,364,273,478,2100,1700,20.6456838785968,15.9391013007489,0.0187414067757071,0.0197877334372534,4.70658257784785,12.4347307373654,2.44971002485501,0.0331634284654694,0.0277865521929798,9.98502071251036,18.1959738537418,"Myophonus caeruleus","Myophonus_caeruleus",20.72113387,"invertebrates"
"White-collared Blackbird",2,2698,2698,2720,2530,2486,2538,168,160,212,2700,2500,17.9305899490168,13.0649429473173,0.0234566611663281,0.0250546434611816,4.86564700169944,7.73605667060213,-2.16396694214876,0.0344990943898122,0.0370637649179759,9.90002361275089,20.0945568911656,"Turdus albocinctus","Turdus_albocinctus",24.90550183,"omnivore"
"Common Myna",0,514,425.875,557,563,447,802,-67.75,-305,94,500,600,28.7198271413829,24.1112100103199,0.0106961153210823,0.00784150230567837,4.60861713106295,19.355230233458,8.94249967754418,0.0262411777147674,0.0161045563463586,10.4127305559138,19.7773274638387,"Acridotheres tristis","Acridotheres_tristis",21.84696376,"omnivore"
"Jungle Myna",1,86,75,121,147,137,199.5,-62.5,-116,-30.6375,100,100,31.0453254615774,26.3031200032799,0.00246270069158673,0.00168917054461957,4.74220545829746,22.17997075424,12.0471307722794,0.0042423324397093,0.00270695153573242,10.1328399819606,18.998194689298,"Acridotheres fuscus","Acridotheres_fuscus",24.7162719,"omnivore"
"Chestnut-tailed Starling",2,306,257.5,318.5375,175,144.4875,216.0125,125,70,165,300,200,29.6939250394748,25.1543172941079,0.00864873398522135,0.00514161997767552,4.53960774536691,21.9024564776247,11.1792748050838,0.0125342086895257,0.00661594515077385,10.7231816725409,18.514650234391,"Sturnus malabaricus","Sturnus_malabaricus",30.54295576,"omnivore"
"Asian Pied Starling",0,139,139,139,132.5,119,145.0125,6.5,-6.0125,20,100,100,31.0453254615774,26.3031200032799,0.00246270069158673,0.00168917054461957,4.74220545829746,22.17997075424,12.0471307722794,0.0042423324397093,0.00270695153573242,10.1328399819606,18.998194689298,"Sturnus contra","Sturnus_contra",22.54255993,"omnivore"
"Common Hill Myna",0,312,306,409,247,206,335,74,-22.025,158,300,200,29.6939250394748,25.1543172941079,0.00864873398522135,0.00514161997767552,4.53960774536691,21.9024564776247,11.1792748050838,0.0125342086895257,0.00661594515077385,10.7231816725409,18.514650234391,"Gracula religiosa","Gracula_religiosa",27.15617108,"fruit"
"White-tailed Nuthatch",2,2066,1981,2204.625,1961,1903,2022,97,2,243.525,2100,2000,20.6456838785968,15.9391013007489,0.0187414067757071,0.0197877334372534,4.70658257784785,10.6041560335399,0.688899015676267,0.0348077238604157,0.0315468037560053,9.91525701786365,19.9567848629205,"Sitta himalayensis","Sitta_himalayensis",20.4149484,"invertebrates"
"Chestnut-bellied Nuthatch",0,878.5,665,922,772,677,898,101,-117.025,223.05,900,800,26.6295564460412,22.0305375155451,0.0103382610574248,0.00934240205925809,4.59901893049606,18.0632563857397,7.76568774757547,0.0294916863383853,0.0190259805698742,10.2975686381642,18.8638686984657,"Sitta castanea","Sitta_castanea",22.47727329,"invertebrates"
"Olive-backed Pipit",2,2807.5,2771,3006,1886,1802,1935.6,932,843.5,1139,2800,1900,17.5043603950855,12.6228378703927,0.0251533920959792,0.0263093173475517,4.88152252469284,11.2113057612425,1.27545602311721,0.0343526046599801,0.0304217196143785,9.93584973812534,16.2289043719683,"Anthus hodgsoni","Anthus_hodgsoni",25.89732612,"invertebrates"
"Russet Sparrow",0,2291.5,2265.5,2317,2324,2312,2345,-32,-72.025,0,2300,2300,19.7516029863856,14.9916117698726,0.018864697759563,0.0201789595963393,4.75999121651296,8.8681379007466,-1.03197189284146,0.0325736632643228,0.0330668609518136,9.90010979358805,20.7835748792271,"Passer rutilans","Passer_rutilans",31.53067654,"seeds"
"Eurasian Tree Sparrow",1,1372,1361,1448,1584,1507,1722,-201,-336.5125,-114.4875,1400,1600,24.0707108578284,19.451799640072,0.0119630728366704,0.0126488271355564,4.61891121775645,13.026958307012,3.04011370814908,0.0320412434337288,0.0257665590682289,9.98684459886292,21.0305971496793,"Passer montanus","Passer_montanus",22.83723871,"seeds"
"House Sparrow",0,214,159,306,254,149,312,-39,-124.5,90.8999999999997,200,300,30.328356296059,25.7071718466304,0.00811646409562864,0.00461486597158153,4.6211844494286,21.3894706224549,10.6652621956287,0.0163697346722889,0.0093670192425808,10.7242084268262,19.6630941004303,"Passer domesticus","Passer_domesticus",25.709883,"seeds"
"Orange-bellied Leafbird",1,948,905,1001,1074,1067,1121,-145.25,-204,-69.5,900,1100,26.6295564460412,22.0305375155451,0.0103382610574248,0.00934240205925809,4.59901893049606,16.1586439683006,5.98620487232169,0.0312989100241542,0.0214319658357402,10.1724390959789,20.6433515737195,"Chloropsis hardwickii","Chloropsis_hardwickii",19.49529362,"omnivore"
"Streaked Spiderhunter",2,1084,960,1196,540,504,585,532.5,411.4375,651.5375,1100,500,25.5989433519225,20.992750220135,0.0107942732548264,0.0107331158590115,4.6061931317875,20.021826625387,9.52920536635707,0.0247815183021447,0.0153867428921848,10.4926212590299,16.0697379855654,"Arachnothera magna","Arachnothera_magna",17.61684357,"omnivore"
"Fire-breasted Flowerpecker",2,1934,1739,1998.125,1560,1502,1660.5,371.25,179,452.5625,1900,1600,21.6026548672566,16.9230991511649,0.015506231039612,0.0168097247168437,4.67955571609174,13.026958307012,3.04011370814908,0.0320412434337288,0.0257665590682289,9.98684459886292,18.5625411591075,"Dicaeum ignipectus","Dicaeum_ignipectus",23.28177999,"omnivore"
"Crimson Sunbird",0,573.5,467,669,651,577.5,767,-93,-263,70.1750000000001,600,700,28.1822649297046,23.5787050174126,0.0104819153002768,0.00816130871450377,4.60355991229202,18.7009572603478,8.35736820817042,0.0281479028228348,0.0178678292947903,10.3435890521774,19.8248967215342,"Aethopyga siparaja","Aethopyga_siparaja",17.45259455,"omnivore"
"Black-throated Sunbird",2,1343.5,1273,1458,833,774,899.1125,510.5,406,636.0125,1300,800,24.5725767243999,19.9603312063203,0.0112184480742628,0.0117340827958435,4.61224551807961,18.0632563857397,7.76568774757547,0.0294916863383853,0.0190259805698742,10.2975686381642,16.8068889768244,"Aethopyga saturata","Aethopyga_saturata",16.24088176,"omnivore"
"Green-tailed Sunbird",2,2340,2265,2370,1843,1804.5,1861,496.75,426.5,556.0125,2300,1800,19.7516029863856,14.9916117698726,0.018864697759563,0.0201789595963393,4.75999121651296,11.8308995426055,1.8936981196002,0.032187579097839,0.0276089536584374,9.93720142300525,17.8579048667854,"Aethopyga nipalensis","Aethopyga_nipalensis",18.29359049,"omnivore"
"Eurasian Collared-Dove",2,139,139,139,112,110,120,27,19,29,100,100,31.0453254615774,26.3031200032799,0.00246270069158673,0.00168917054461957,4.74220545829746,22.17997075424,12.0471307722794,0.0042423324397093,0.00270695153573242,10.1328399819606,18.998194689298,"Streptopelia decaocto","Streptopelia_decaocto",37.84538878,"omnivore"
"Oriental Turtle-Dove",2,2332,2312,2366,1669,1574.9625,1732.05,665.5,594.4625,762.5375,2300,1700,19.7516029863856,14.9916117698726,0.018864697759563,0.0201789595963393,4.75999121651296,12.4347307373654,2.44971002485501,0.0331634284654694,0.0277865521929798,9.98502071251036,17.3018929615306,"Streptopelia orientalis","Streptopelia_orientalis",32.75114632,"omnivore"
"Spotted Dove",2,531,414,606.5,246.5,217.475,263,282,164,363,500,200,28.7198271413829,24.1112100103199,0.0106961153210823,0.00784150230567837,4.60861713106295,21.9024564776247,11.1792748050838,0.0125342086895257,0.00661594515077385,10.7231816725409,17.5405523362991,"Stigmatopelia chinensis","Stigmatopelia_chinensis",30.6093332,"seeds"
